Workbook

Sheet Como usar
A1: Calendário editorial · Fair Health · Instagram e LinkedIn
A2: Versão de 09/10/2026: planejamento MENSAL (um mês por vez). A versão anterior, de 90 dias, está em marketing/arquivo/.
A4: O mês conta uma história
A5: Fio de todos os meses: "Cuidar antes". O plano de saúde trata depois; a Fair Health cuida antes, dentro da empresa, começando por uma pergunta.
A6: Cada mês trabalha um argumento do grupo (aba Visão do mês) e cada semana é uma cena: Abertura/Dor ("isso é comigo?"), Virada ("como a Fair Health resolve?"), Prova ("por que acreditar?") e Convite ("como começo?").
A7: Base: instagram/posicionamento-e-plano-mensal.md (análise da arquitetura de marcas e do posicionamento v3.2).
A9: Restrições em vigor (09/10)
A10: 1. Não apresentamos o time por enquanto (questão administrativa). A série Quem cuida está na aba Banco de ideias, com status Adiada.
A11: 2. Não filmamos clientes: nada gravado dentro das empresas-clientes nem com pessoas atendidas. Os vídeos do mês são de tipografia, motion, gravação de tela ou imagem de banco (aba Formatos).
A12: 3. O artigo do cofundador Fernando Brancaccio na RH Pra Você (25/09/2026) entra como peça de autoridade, sem foto e sem apresentação do time.
A14: Como trabalhamos nesta planilha
A15: 1. Revisão mensal (conjunta): antes de o mês começar, revisamos temas, títulos, personas e datas. Pauta aprovada muda de "Pauta proposta" para "Pauta aprovada". Ao fim do mês, montamos o próximo a partir do Banco de ideias.
... A38: Linhas e personas · Pendências · Listas (valores das listas suspensas).

Sheet Visão do mês
A1: Visão do mês: o capítulo e o equilíbrio
A2: Primeiro nível do planejamento. As contagens são automáticas e servem para a checagem de equilíbrio na revisão mensal.
A4: Mês | B4: Mês 1
A5: Período | B5: =TEXT(Calendário!$D$2,"DD/MM")&" a "&TEXT(Calendário!$D$2+27,"DD/MM") -> 19/10 a 15/11
A6: Capítulo | B6: "Tudo começa com uma pergunta": quem somos, por que cuidar antes e como o cuidado funciona.
A7: Argumento principal | B7: Liderança Bem-Estar, com a apresentação da marca. A NR-1 entra como contexto (artigo do cofundador) e abre o próximo mês.
A8: Mensagem do mês | B8: Todo afastamento tem um antes. A Fair Health cuida nesse antes: dentro da empresa, com gente de verdade, começando por uma pergunta.
A9: Frase-tese | B9: Não é benefício. É infraestrutura de cuidado.
A10: Restrições | B10: Sem apresentar o time (questão administrativa) e sem filmar clientes. Vídeos de tipografia, motion, gravação de tela ou imagem de banco.
A11: Datas do calendário | B11: 02/11 feriado (Finados): a semana 3 começa na terça. 14/11 (sábado) Dia Mundial do Diabetes: avaliar um stories com a responsável médica. Novembro Azul: só se houver conexão real.
A13: A história semana a semana
A14: Semana | B14: Cena | C14: Pergunta que responde | D14: Peças (IDs) | E14: Total | F14: Vídeos | G14: Institucional | H14: Produto | I14: Projetos
A15: 1 | B15: Abertura e Dor | C15: "Isso é comigo?" A marca se apresenta e o RH se reconhece no problema. | D15: M1-01 a M1-04 | E15: =COUNTIFS(Calendário!$C$5:$C$400,$A15) -> 4 | F15: =COUNTIFS(Calendário!$C$5:$C$400,$A15,Calendário!$N$5:$N$400,"Vídeo") -> 2 | G15: =COUNTIFS(Calendário!$C$5:$C$400,$A15,Calendário!$E$5:$E$400,"Institucional") -> 2 | H15: =COUNTIFS(Calendário!$C$5:$C$400,$A15,Calendário!$E$5:$E$400,"Produto") -> 1 | I15: =COUNTIFS(Calendário!$C$5:$C$400,$A15,Calendário!$E$5:$E$400,"Projetos, eventos e entregas") -> 1
A16: 2 | B16: Virada | C16: "Como a Fair Health resolve?" Método, tese e o que o RH recebe. | D16: M1-05 a M1-08 | E16: =COUNTIFS(Calendário!$C$5:$C$400,$A16) -> 4 | F16: =COUNTIFS(Calendário!$C$5:$C$400,$A16,Calendário!$N$5:$N$400,"Vídeo") -> 2 | G16: =COUNTIFS(Calendário!$C$5:$C$400,$A16,Calendário!$E$5:$E$400,"Institucional") -> 1 | H16: =COUNTIFS(Calendário!$C$5:$C$400,$A16,Calendário!$E$5:$E$400,"Produto") -> 2 | I16: =COUNTIFS(Calendário!$C$5:$C$400,$A16,Calendário!$E$5:$E$400,"Projetos, eventos e entregas") -> 1
A17: 3 | B17: Prova | C17: "Por que acreditar?" Adesão, acompanhamento, origem e autoridade. | D17: M1-09 a M1-12 | E17: =COUNTIFS(Calendário!$C$5:$C$400,$A17) -> 4 | F17: =COUNTIFS(Calendário!$C$5:$C$400,$A17,Calendário!$N$5:$N$400,"Vídeo") -> 2 | G17: =COUNTIFS(Calendário!$C$5:$C$400,$A17,Calendário!$E$5:$E$400,"Institucional") -> 1 | H17: =COUNTIFS(Calendário!$C$5:$C$400,$A17,Calendário!$E$5:$E$400,"Produto") -> 1 | I17: =COUNTIFS(Calendário!$C$5:$C$400,$A17,Calendário!$E$5:$E$400,"Projetos, eventos e entregas") -> 2
A18: 4 | B18: Convite | C18: "Como começo?" Para o colaborador, o líder e o RH; abre o tema NR-1. | D18: M1-13 a M1-16 | E18: =COUNTIFS(Calendário!$C$5:$C$400,$A18) -> 4 | F18: =COUNTIFS(Calendário!$C$5:$C$400,$A18,Calendário!$N$5:$N$400,"Vídeo") -> 2 | G18: =COUNTIFS(Calendário!$C$5:$C$400,$A18,Calendário!$E$5:$E$400,"Institucional") -> 1 | H18: =COUNTIFS(Calendário!$C$5:$C$400,$A18,Calendário!$E$5:$E$400,"Produto") -> 2 | I18: =COUNTIFS(Calendário!$C$5:$C$400,$A18,Calendário!$E$5:$E$400,"Projetos, eventos e entregas") -> 1
A19: Total | E19: =SUM(E15:E18) -> 16 | F19: =SUM(F15:F18) -> 8 | G19: =SUM(G15:G18) -> 5 | H19: =SUM(H15:H18) -> 6 | I19: =SUM(I15:I18) -> 5
A21: Equilíbrio por argumento e por cena
A22: Argumento | B22: Peças | D22: Cena | E22: Peças | G22: Pautas com validação médica
A23: Apresentação | B23: =COUNTIFS(Calendário!$F$5:$F$400,$A23) -> 6 | D23: Abertura | E23: =COUNTIFS(Calendário!$G$5:$G$400,$D23) -> 2 | G23: =SUMPRODUCT((Calendário!$B$5:$B$400<>"")*ISNUMBER(SEARCH("responsável médica",Calendário!$T$5:$T$400))) -> 4
A24: Liderança Bem-Estar | B24: =COUNTIFS(Calendário!$F$5:$F$400,$A24) -> 6 | D24: Dor | E24: =COUNTIFS(Calendário!$G$5:$G$400,$D24) -> 2
A25: NR-1 | B25: =COUNTIFS(Calendário!$F$5:$F$400,$A25) -> 4 | D25: Virada | E25: =COUNTIFS(Calendário!$G$5:$G$400,$D25) -> 4
A26: Stop Loss | B26: =COUNTIFS(Calendário!$F$5:$F$400,$A26) -> 0 | D26: Prova | E26: =COUNTIFS(Calendário!$G$5:$G$400,$D26) -> 4
A27: Ambiente positivo | B27: =COUNTIFS(Calendário!$F$5:$F$400,$A27) -> 0 | D27: Convite | E27: =COUNTIFS(Calendário!$G$5:$G$400,$D27) -> 4
A28: Marca empregadora | B28: =COUNTIFS(Calendário!$F$5:$F$400,$A28) -> 0

Sheet Calendário
A1: Calendário editorial · Fair Health · Mês 1
A2: Início do mês (segunda-feira): | D2: 46314 | E2: Mude a data amarela para reposicionar o mês. Os dias da semana são só sugestão.
A4: ID | B4: Mês | C4: Semana | D4: Data sugerida | E4: Linha editorial | F4: Argumento | G4: Cena | H4: Tema | I4: Série (parte) | J4: Título provisório | K4: Persona | L4: Necessidade ou pergunta da persona | M4: Objetivo | N4: Formato | O4: Por que este formato | P4: Canal | Q4: Collab / perfis | R4: Mensagem principal | S4: Fonte | T4: Validação necessária | U4: Status | V4: Texto / legenda | W4: Roteiro / estrutura | X4: Criativo (modelo e arte) | Y4: Responsável | Z4: Comentários da revisão
A5: M1-01 | B5: Mês 1 | C5: 1 | D5: =$D$2+(C5-1)*7+0 -> 46314 | E5: Institucional | F5: Apresentação | G5: Abertura | H5: Apresentação da Fair Health | J5: Antes de qualquer exame, uma conversa | K5: Colaboradores; RH | L5: O que é a Fair Health e o que ela faz dentro da empresa? | M5: Apresentar a marca e o jeito de cuidar | N5: Vídeo | O5: Vídeo de abertura com a pergunta da marca: apresenta em 30 s o que é, onde fica e como começa. Texto na tela para quem assiste sem som. | P5: Instagram + LinkedIn | Q5: FairJob | R5: A Fair Health leva o cuidado para dentro da empresa, e todo cuidado começa com uma pergunta: o que é importante para você? | S5: Posicionamento Fair Health v3.2 (promessa e pergunta). | T5: Roteiro e legenda citam assistentes sociais: confirmar se fazem parte do atendimento (o posicionamento cita médico e psicológico). Sem time em cena e sem gravar nas empresas-clientes (decisão de 09/10). Definir onde gravar (local próprio ou neutro) ou montar com fotos e tipografia. | U5: Roteiro pronto | V5: Antes de qualquer exame, uma conversa. Esse é o Escritório do Cuidado: um espaço dentro da empresa, com médicos, psicólogos e assistentes sociais, perto de quem trabalha. Aqui, todo cuidado começa com a mesma pergunta: o que é importante para você? A partir da resposta, montamos juntos um plano que cabe na sua rotina e seguimos acompanhando. Seja bem-vindo. Nos próximos dias, a gente mostra como esse cuidado funciona. #fairhealth #saudecorporativa #cuidadocentradonapessoa #medicinadoestilodevida #saudedotrabalhador | W5: Reel de 30 a 34 s (instagram/primeiros-posts-acolhimento.md, ID 1). 0–3 s: "Antes de qualquer exame, a gente começa com uma conversa." Porta se abrindo. 3–9 s: o espaço (recepção, copa, sala), sem pessoas. 9–16 s: detalhes que acolhem: mãos servindo café, cadeira puxada, sem rosto. 16–23 s: a pergunta "O que é importante para você?" aparece na tela, em voz em off. 23–30 s: a partir da resposta, um cuidado que cabe na rotina. 30–34 s: logo e assinatura. | X5: Vídeo 1080x1920. Texto na tela dentro da área segura. Capa no modelo M1 (Tiffany, pergunta), conferindo o recorte da grade. LinkedIn: mesmo vídeo, legenda adaptada para RH. | Z5: Aprovado na revisão de 09/10. Ajustes pelas restrições de 09/10: a legenda não promete mais apresentar o time ("você vai conhecer quem cuida" virou "a gente mostra como esse cuidado funciona") e, no roteiro, a pergunta entra na tela em voz em off (antes cada integrante dizia um pedaço).
A6: M1-02 | B6: Mês 1 | C6: 1 | D6: =$D$2+(C6-1)*7+1 -> 46315 | E6: Produto | F6: Apresentação | G6: Abertura | H6: Escritório do Cuidado | I6: Como funciona o cuidado (1/3): o percurso | J6: Aqui, o cuidado começa com uma pergunta | K6: Colaboradores | L6: O que acontece quando eu vou ao Escritório do Cuidado? Vou ser julgado? O que eu contar fica entre nós? | M6: Explicar o percurso do atendimento e reduzir a barreira de ir | N6: Carrossel | O6: Carrossel passo a passo: o formato mais salvo em conteúdo explicativo. Responde as objeções (julgamento, sigilo) uma por slide. | P6: Instagram + LinkedIn | Q6: FairJob | R6: Primeiro a gente te ouve e entende sua rotina; depois monta o plano com você e acompanha. O que você conta fica entre você e quem cuida. | S6: Cartilha do Escritório do Cuidado. | T6: Responsável médica confere as etapas citadas (anamnese, bioimpedância, smartband por 48 horas, retorno). | U6: Em revisão | V6: Aqui, o cuidado começa com uma pergunta: o que é importante para você? Antes de exame, antes de número, a gente quer saber da sua rotina, do seu trabalho, do que anda pesando e do que você gostaria de mudar. O Escritório do Cuidado fica dentro da empresa, perto de onde você já está. Lá, médicos e psicólogos se revezam para montar com você um cuidado que caiba na sua vida, com base na Medicina do Estilo de Vida. O objetivo da fairhealth é melhorar a qualidade de vida de quem trabalha, com um cuidado feito para cada pessoa e acompanhado de perto. E o que você conta fica entre você e quem cuida. Arrasta para o lado para ver como funciona. #fairhealth #saudecorporativa #cuidadocentradonapessoa #medicinadoestilodevida #saudedotrabalhador | W6: 10 slides: 1 capa (pergunta) · 2 fica dentro da empresa · 3 gente que cuida de gente · 4 Passo 1: a gente te conhece · 5 Passo 2: o que é importante para você? · 6 Passo 3: entender antes de propor (bioimpedância e smartband por 48 h) · 7 Passo 4: o plano é seu · 8 Passo 5: retorno e acompanhamento · 9 sigilo · 10 convite para comentar. | X6: Arte no Canva (design DAHW6JfDldU, 11 páginas): escolher entre as versões originais e as novas dos slides 1, 5, 7, 9 e 10. Modelos M1, M2 e M3. LinkedIn: exportar em PDF. | Z6: Conferir o slide 3 ("gente que cuida de gente"): não pode ter foto ou nome de integrante do time.
A7: M1-03 | B7: Mês 1 | C7: 1 | D7: =$D$2+(C7-1)*7+3 -> 46317 | E7: Institucional | F7: Liderança Bem-Estar | G7: Dor | H7: Cuidar antes (manifesto) | J7: Antes do afastamento, teve um sinal | K7: RH; Lideranças | L7: Por que as pessoas só aparecem quando já estão doentes ou afastadas? | M7: Plantar o fio do mês ("cuidar antes") e fazer o RH se reconhecer na dor | N7: Vídeo | O7: Reel de tipografia animada: não depende de filmagem nem de rosto, o gancho está na primeira frase e a cadeia do "antes" prende até o fim. Fácil de adaptar para o LinkedIn. | P7: Instagram + LinkedIn | Q7: FairJob | R7: Todo afastamento tem um antes. A Fair Health cuida nesse antes, dentro da empresa, começando por uma pergunta. | S7: Posicionamento Fair Health v3.2 (eixo "antes", dores de entrada do RH). | T7: Sem números e sem promessa de evitar doença (CFM): o texto fala de cuidado, não de resultado. | U7: Pauta proposta | V7: Antes do afastamento, teve um atestado. Antes do atestado, teve uma semana pesada. Antes da semana pesada, teve uma noite sem dormir. E antes de tudo isso, ninguém perguntou: o que é importante para você? A Fair Health existe para cuidar nesse antes. Dentro da empresa, perto de quem trabalha, com médicos e psicólogos e um plano feito para cada pessoa. Cuidar antes também é papel da liderança. Na sua empresa, quem faz essa pergunta? #fairhealth #saudecorporativa #cuidadocentradonapessoa #medicinadoestilodevida #saudedotrabalhador | W7: Reel de 18 a 22 s, só tipografia sobre o fundo Tiffany, frase a frase, com corte seco. 0–3 s: "Antes do afastamento, teve um atestado." 3–6 s: "Antes do atestado, teve uma semana pesada." 6–9 s: "Antes da semana pesada, uma noite sem dormir." 9–14 s: "E antes de tudo isso, ninguém perguntou:" 14–18 s: "O que é importante para você?" (palavra-chave em destaque) 18–22 s: "Cuidar antes." + logo. Trilha calma, sem locução (ou voz em off opcional). | X7: Modelo M9 (vídeo) só com tipografia Raleway. Capa: "Antes do afastamento, teve um sinal". Sem imagem de banco.
A8: M1-04 | B8: Mês 1 | C8: 1 | D8: =$D$2+(C8-1)*7+4 -> 46318 | E8: Projetos, eventos e entregas | F8: NR-1 | G8: Dor | H8: Na imprensa: artigo do cofundador | I8: Saúde mental é de todos (1/2) | J8: O trabalho não é o único vilão | K8: RH; Lideranças; Risco e Compliance | L8: A NR-1 colocou os riscos psicossociais na conta da empresa. O que é responsabilidade da empresa e o que não é? | M8: Trazer a NR-1 com uma visão madura e transferir a autoridade da publicação para a marca | N8: Carrossel | O8: Carrossel-resumo de artigo publicado: formato muito compartilhado entre profissionais de RH. Leva a autoridade do veículo (RH Pra Você) e do autor sem precisar apresentar o time. | P8: Instagram + LinkedIn | Q8: FairJob; Fernando Brancaccio (se quiser); RH Pra Você (marcar) | R8: A NR-1 formalizou que o trabalho pode adoecer, e a empresa responde pelo ambiente que constrói. Mas saúde mental é multifatorial: é, ao mesmo tempo, de cada um e de todos. | S8: Fernando Brancaccio, "Riscos psicossociais no ambiente de trabalho e saúde", RH Pra Você, 25/09/2026. https://rhpravoce.com.br/colab/riscos-psicossociais-no-ambiente-de-trabalho-2 | T8: Confirmar como creditar o Fernando (o artigo diz "fundador da FairJob"; aqui ele é cofundador da Fair Health). Peça é sobre a opinião publicada, não apresentação do time: sem foto dele, a menos que se decida o contrário. Conferir as citações literais com o artigo. | U8: Pauta proposta | V8: O trabalho pode adoecer. Mas não é o único vilão. Desde maio de 2026, a NR-1 exige que as empresas identifiquem, avaliem e gerenciem os riscos psicossociais. É um avanço necessário: assédio, excesso de pressão, jornadas inadequadas e lideranças despreparadas têm impacto real na saúde mental. No artigo que publicou na RH Pra Você, nosso cofundador Fernando Brancaccio propõe ampliar o debate: ninguém começa a vida quando é contratado. Família, escola, comunidade e condições de vida chegam ao trabalho junto com a pessoa. Isso não diminui a responsabilidade da empresa. Ela responde pelo ambiente que constrói. Mas não controla todas as variáveis. "Saúde mental é, ao mesmo tempo, de cada um e de todos." O artigo completo está no link dos stories. Concorda? Conta pra gente nos comentários. #fairhealth #nr1 #riscospsicossociais #saudementalnotrabalho #rh | W8: 8 slides. 1 Capa: "O trabalho pode adoecer. Mas não é o único vilão." + selo "RH Pra Você". 2 Desde maio de 2026, a NR-1 exige identificar, avaliar e gerenciar os riscos psicossociais. 3 É um avanço necessário: ambientes tóxicos, assédio, excesso de pressão, jornadas inadequadas, insegurança e lideranças despreparadas adoecem. 4 "Nenhuma pessoa começa sua vida quando é contratada por uma empresa." 5 A empresa responde pelo ambiente que constrói. Não controla todas as variáveis. 6 Responsabilidade compartilhada: poder público, sociedade, empresas e cada pessoa (sem culpar quem adoece). 7 "Saúde mental é, ao mesmo tempo, de cada um e de todos." Fernando Brancaccio. 8 A parte da empresa começa antes: um cuidado dentro do trabalho, que começa com uma pergunta. Link nos stories. | X8: Modelo M8 (citação) nos slides 4 e 7 e M2 nos demais. Sem foto. Stories no mesmo dia com o link do artigo.
A9: M1-05 | B9: Mês 1 | C9: 2 | D9: =$D$2+(C9-1)*7+0 -> 46321 | E9: Produto | F9: Liderança Bem-Estar | G9: Virada | H9: Medicina do Estilo de Vida | I9: Pilares da MEV (abertura) | J9: Medicina do Estilo de Vida em 1 minuto | K9: Colaboradores; RH | L9: O que é Medicina do Estilo de Vida? É dieta? É academia? | M9: Apresentar a base científica do cuidado e abrir a série dos pilares | N9: Vídeo | O9: Explicador animado com ícones (motion): conceito novo explicado em 1 minuto, sem rosto. Responde ao mito "é só dieta e academia". | P9: Instagram + LinkedIn | Q9: FairJob | R9: Os pilares não funcionam isoladamente: o plano olha para a pessoa inteira, a partir da rotina real. | S9: ACLM (American College of Lifestyle Medicine) e CBMEV (Colégio Brasileiro de Medicina do Estilo de Vida); cartilha do Escritório do Cuidado. | T9: Responsável médica valida a definição de MEV e os nomes dos pilares (6 ou 7: decidir antes de produzir). | U9: Pauta proposta | W9: Reel de 45 a 60 s, motion com ícones, voz em off. 0–3 s: "Medicina do Estilo de Vida é dieta e academia? Não só." 3–10 s: definição curta, com fonte na tela. 10–40 s: um ícone por pilar, uma frase por pilar. 40–50 s: "Os pilares conversam entre si: o plano olha para a pessoa inteira." 50–60 s: "No Escritório do Cuidado, começa com uma pergunta." + logo. | X9: Modelo M9 com ícones lineares em verde-escuro sobre Tiffany. Etiqueta "PILARES".
A10: M1-06 | B10: Mês 1 | C10: 2 | D10: =$D$2+(C10-1)*7+1 -> 46322 | E10: Institucional | F10: Liderança Bem-Estar | G10: Virada | H10: Tese da marca | J10: Não é benefício. É infraestrutura de cuidado. | K10: RH; RI e C-Level | L10: Isso é mais um benefício para a lista? Por que seria diferente do que já temos? | M10: Fixar a frase-tese e posicionar a categoria sem citar concorrentes | N10: Carrossel | O10: Carrossel comparativo de duas colunas (isto × aquilo): a diferença fica clara em segundos e o post é salvo e repassado ao decisor. | P10: Instagram + LinkedIn | Q10: FairJob | R10: Benefício é algo que a pessoa usa se lembrar. Infraestrutura de cuidado está dentro da empresa todo dia, começa antes do problema e tem gente acompanhando. | S10: Posicionamento Fair Health v3.2 (diferenciais). | T10: Não citar marcas de terceiros nem operadoras. Sem números. | U10: Pauta proposta | W10: 6 slides. 1 Capa: "Não é benefício. É infraestrutura de cuidado." 2 Benefício: a pessoa usa se lembrar. Infraestrutura: está lá todo dia, dentro da empresa. 3 Benefício: espera o problema aparecer. Infraestrutura: começa antes. 4 Benefício: é um cartão. Infraestrutura: é gente acompanhando, com um plano para cada pessoa. 5 Benefício: termina na adesão. Infraestrutura: o RH acompanha o cuidado por indicadores do grupo. 6 "O que é importante para você?" Comente CUIDADO para saber como funciona. | X10: Modelo M1 na capa e comparativo em duas colunas (Tiffany × verde-escuro) nos slides 2 a 5.
A11: M1-07 | B11: Mês 1 | C11: 2 | D11: =$D$2+(C11-1)*7+3 -> 46324 | E11: Projetos, eventos e entregas | F11: NR-1 | G11: Virada | H11: Entregas para o RH | I11: Tecnologia a favor da pessoa | J11: O que o RH vê (e o que não vê) | K11: RH; Risco e Compliance | L11: O que eu recebo para acompanhar o programa? Vou ver dados individuais? | M11: Mostrar a entrega para a empresa e a regra de privacidade | N11: Vídeo | O11: Gravação de tela de um painel genérico, com texto na tela: mostra o produto de verdade sem expor ninguém e responde a dúvida que trava a decisão do RH. | P11: Instagram + LinkedIn | Q11: FairJob; fairdata | R11: O RH acompanha o cuidado por indicadores do grupo, anonimizados e integrados à fairdata. O que cada pessoa conta fica no atendimento. | S11: Posicionamento Fair Health v3.2 (fairdata). | T11: Time confirma quais indicadores entram no relatório. Painel com dados fictícios e aviso "dados ilustrativos". Não prometer conformidade com a NR-1. | U11: Pauta proposta | W11: Reel de 25 a 30 s, gravação de tela. 0–3 s: "O que o RH vê no Escritório do Cuidado?" 3–15 s: rolagem pelo painel (adesão, retorno, temas mais procurados), dados ilustrativos. 15–22 s: "O que o RH não vê: o que cada pessoa contou." 22–30 s: "Indicadores do grupo para cuidar antes." + logo. | X11: Modelo M9. Painel montado com dados fictícios, moldura de navegador ou de notebook.
A12: M1-08 | B12: Mês 1 | C12: 2 | D12: =$D$2+(C12-1)*7+4 -> 46325 | E12: Produto | F12: Apresentação | G12: Virada | H12: Plano Individualizado de Cuidado | I12: Como funciona o cuidado (2/3): o plano | J12: O plano é seu: como nasce o Plano Individualizado de Cuidado | K12: Colaboradores | L12: Vou receber uma lista de regras impossíveis de seguir? | M12: Explicar como o plano é montado com a pessoa (decisão compartilhada) | N12: Carrossel | O12: Carrossel com card de interface (M3), já testado no carrossel de acolhimento: mostra o plano como algo concreto e possível. | P12: Instagram + LinkedIn | Q12: FairJob | R12: O plano parte do que é importante para você e da sua rotina real, com ações nos pilares da MEV, e muda quando a vida muda. | S12: Cartilha do Escritório do Cuidado. | T12: Responsável médica valida etapas e prazos. Nome único do plano: "Plano Individualizado de Cuidado" ou "Plano de Cuidado Personalizado"? | U12: Pauta proposta | W12: 7 slides: 1 capa "O plano é seu" · 2 começa pelo que é importante para você · 3 card do plano com 3 ações pequenas · 4 cabe na rotina real · 5 muda quando a vida muda · 6 alguém acompanha · 7 convite para comentar. | X12: Modelo M3 (card de interface do plano).
A13: M1-09 | B13: Mês 1 | C13: 3 | D13: =$D$2+(C13-1)*7+1 -> 46329 | E13: Projetos, eventos e entregas | F13: Liderança Bem-Estar | G13: Prova | H13: Adesão (número liberado) | J13: Uma indústria, um semestre: 98% de adesão | K13: RH; Diretoria financeira | L13: Programa de saúde que ninguém usa é custo. As pessoas usam isso de verdade? | M13: Provar adesão com número liberado, sem argumento financeiro | N13: Vídeo | O13: Dado animado com fonte: número grande, uma frase de contexto. É a prova que o RH leva para a diretoria. | P13: Instagram + LinkedIn | Q13: FairJob | R13: No 1º semestre de 2026, numa indústria atendida: 161 atendimentos, 48 colaboradores atendidos (98% de adesão) e 81,3% voltaram para dois ou mais atendimentos. | S13: Chemitec, 1º semestre de 2026 (número liberado, instagram/voice.md). Sempre agregado. | T13: Decisão de 01/10 deixava números para depois da estreia: adesão não é retorno financeiro, mas confirmar se pode entrar no Mês 1. Citar a Chemitec pelo nome só com autorização (senão, "uma indústria"). | U13: Pauta proposta | W13: Reel de 15 a 20 s, números animados. 0–3 s: "As pessoas usam?" 3–8 s: 98% (de adesão) 8–13 s: 81,3% voltaram para dois ou mais atendimentos 13–17 s: 161 atendimentos em um semestre 17–20 s: fonte na tela + "Cuidado que as pessoas procuram." + logo. | X13: Modelo M6 (dado com fonte) animado, um número por cena.
A14: M1-10 | B14: Mês 1 | C14: 3 | D14: =$D$2+(C14-1)*7+2 -> 46330 | E14: Produto | F14: Apresentação | G14: Prova | H14: Tecnologia: wearables | I14: Como funciona o cuidado (3/3): o acompanhamento | J14: O cuidado não para quando a consulta acaba | K14: Colaboradores; RH | L14: Para que serve a pulseira? Vão me vigiar? | M14: Explicar o acompanhamento com tecnologia e a regra de privacidade | N14: Carrossel | O14: Carrossel explicativo com a objeção no título ("vão me vigiar?"): responde a dúvida mais comum antes que ela vire resistência. | P14: Instagram + LinkedIn | Q14: FairJob | R14: A smartband e a bioimpedância ajudam a olhar, junto com a pessoa, como foram as últimas semanas. Os dados ficam no atendimento; o RH vê só o grupo. | S14: Cartilha do Escritório do Cuidado. | T14: [PENDENTE] Quais dados a smartband registra e se todos os atendidos usam a pulseira (instagram/posts/wearables/README.md). | U14: Em revisão | X14: Arte pronta em instagram/posts/wearables (8 slides). Capa: foto de pulso sem rosto (modelo com autorização, fora das empresas-clientes) ou capa só tipográfica.
A15: M1-11 | B15: Mês 1 | C15: 3 | D15: =$D$2+(C15-1)*7+3 -> 46331 | E15: Institucional | F15: Apresentação | G15: Prova | H15: Origem | J15: Tudo começou num hospital | K15: RH; Medicina do Trabalho | L15: De onde vem esse modelo? É só mais um programa de bem-estar? | M15: Dar lastro à marca com a história do modelo | N15: Vídeo | O15: Linha do tempo animada (ano grande + uma frase): história de origem gera confiança e não precisa mostrar pessoas. | P15: Instagram + LinkedIn | Q15: FairJob | R15: O modelo nasceu em 2009, num hospital, para colocar o paciente no centro do cuidado. Hoje, coloca quem trabalha no centro, dentro da empresa. | S15: Histórico do Escritório do Paciente (2009); caso Hospital Dia Santo Amaro (liberado). | T15: [PENDENTE] Quem idealizou o Escritório do Paciente. Não usar "validado no SUS" até confirmar a fonte. Conferir datas. | U15: Pauta proposta | W15: Reel de 25 a 30 s, linha do tempo em tipografia. 0–3 s: "Tudo começou num hospital." 3–10 s: 2009: Escritório do Paciente, o paciente no centro. 10–18 s: o que o hospital aprendeu: ouvir antes de propor. 18–25 s: hoje: o Escritório do Cuidado, dentro da empresa. 25–30 s: "Mesma pergunta: o que é importante para você?" + logo. Alternativa: carrossel no modelo M2. | X15: Modelo M9 com marcos da linha do tempo (modelo M2 animado). Sem fotos de pessoas.
A16: M1-12 | B16: Mês 1 | C16: 3 | D16: =$D$2+(C16-1)*7+4 -> 46332 | E16: Projetos, eventos e entregas | F16: NR-1 | G16: Prova | H16: Na imprensa: artigo do cofundador | I16: Saúde mental é de todos (2/2) | J16: A pergunta maior | K16: RH; Lideranças | L16: Como olhar para a saúde mental do time sem simplificar? | M16: Reaproveitar o artigo com uma frase forte e reforçar a autoridade | N16: Foto única | O16: Card de citação: uma frase forte, fácil de compartilhar nos stories e no LinkedIn. Reaproveita o artigo sem repetir o carrossel. | P16: Instagram + LinkedIn | Q16: FairJob; Fernando Brancaccio (se quiser) | R16: "Antes de perguntar apenas o que o trabalho está fazendo com a saúde mental das pessoas, deveríamos fazer uma pergunta maior: o que a nossa forma de viver em sociedade está fazendo com a saúde mental das pessoas?" | S16: Fernando Brancaccio, "Riscos psicossociais no ambiente de trabalho e saúde", RH Pra Você, 25/09/2026. https://rhpravoce.com.br/colab/riscos-psicossociais-no-ambiente-de-trabalho-2 | T16: Citação literal conferida com o artigo. Crédito do Fernando como no post da semana 1. | U16: Pauta proposta | W16: Imagem única: a pergunta em destaque, assinatura "Fernando Brancaccio, na RH Pra Você". Legenda curta que liga a pergunta à da marca ("o que é importante para você?") e convida a ler o artigo. | X16: Modelo M8 (citação), sem foto.
A17: M1-13 | B17: Mês 1 | C17: 4 | D17: =$D$2+(C17-1)*7+0 -> 46335 | E17: Produto | F17: Liderança Bem-Estar | G17: Convite | H17: Pilar: sono | I17: Pilares da MEV (1: sono) | J17: Dormir não é tempo perdido | K17: Colaboradores | L17: Por que eu acordo cansado? O que dá para mudar na rotina? | M17: Educar sobre o pilar sono e convidar o colaborador a procurar o Escritório | N17: Vídeo | O17: Reel de "3 hábitos" com texto na tela sobre imagens de banco: dica prática e salvável, sem rosto e sem gravar nas empresas. | P17: Instagram | Q17: FairJob | R17: Dormir não é tempo perdido. No Escritório do Cuidado, o sono entra no plano a partir da sua rotina real. | S17: Guia "Saúde mental: o cuidado no dia a dia" (higiene do sono; OMS, APA, IPq-USP). | T17: Responsável médica valida as orientações. Sem promessa clínica. | U17: Pauta proposta | W17: Reel de 20 a 25 s. 0–3 s: "Acorda cansado mesmo dormindo?" 3–17 s: 3 hábitos, um por cena (tela antes de dormir, horário regular, cafeína à tarde). 17–25 s: "Se o cansaço não passa, conversa com a gente no Escritório do Cuidado." + logo. | X17: Modelo M9 com etiqueta "PILARES · SONO". Imagens de banco (quarto, celular à noite), sem rosto identificável.
A18: M1-14 | B18: Mês 1 | C18: 4 | D18: =$D$2+(C18-1)*7+1 -> 46336 | E18: Institucional | F18: Liderança Bem-Estar | G18: Convite | H18: A pergunta | J18: Uma pergunta que todo líder pode fazer | K18: Lideranças; Colaboradores | L18: Como a liderança pode cuidar do time no dia a dia? | M18: Gerar conversa nos comentários e levar a pergunta da marca para a liderança | N18: Foto única | O18: Card de pergunta aberta: gera comentários e respostas nos stories (caixa de perguntas), o que ajuda o alcance das próximas peças. | P18: Instagram + LinkedIn | Q18: FairJob | R18: "O que é importante para você?" é a pergunta que abre o nosso cuidado, e pode abrir uma conversa entre líder e time. | S18: Posicionamento Fair Health v3.2 (a pergunta como modelo de liderança). | T18: Sem números. | U18: Pauta proposta | W18: Imagem única com a pergunta. Instagram: "Responde aqui: o que é importante para você hoje?". LinkedIn: "Líder, quando foi a última vez que você fez essa pergunta ao seu time?". Stories no mesmo dia com caixa de perguntas. | X18: Modelo M1 (capa-pergunta) em versão de imagem única.
A19: M1-15 | B19: Mês 1 | C19: 4 | D19: =$D$2+(C19-1)*7+3 -> 46338 | E19: Projetos, eventos e entregas | F19: Apresentação | G19: Convite | H19: Como começa numa empresa | I19: Como chega a uma empresa | J19: Como o Escritório do Cuidado chega à sua empresa | K19: RH; Diretoria financeira | L19: Quero isso na minha empresa. Por onde começa? | M19: Deixar clara a oferta e o primeiro passo comercial | N19: Vídeo | O19: Passo a passo animado com chamada para ação por palavra-chave ("comente CUIDADO"): fecha o mês com um caminho claro para o RH. | P19: Instagram + LinkedIn | Q19: FairJob | R19: Começa com um diagnóstico gratuito, segue com uma proposta personalizada e chega à implantação. Comente CUIDADO. | S19: Executive Summary (etapas comerciais). | T19: Não citar prazos de cada etapa sem confirmação. Confirmar o destino do link (www.fairhealth.com.br) e quem responde os comentários e DMs. | U19: Pauta proposta | W19: Reel de 20 a 25 s, motion em 3 passos. 0–3 s: "Como levar o Escritório do Cuidado para a sua empresa?" 3–9 s: PASSO 1 · Diagnóstico gratuito 9–15 s: PASSO 2 · Proposta personalizada 15–20 s: PASSO 3 · Implantação e primeiros atendimentos 20–25 s: "Comente CUIDADO." + logo. | X19: Modelo M2 (passos) animado e M1 no fim.
A20: M1-16 | B20: Mês 1 | C20: 4 | D20: =$D$2+(C20-1)*7+4 -> 46339 | E20: Produto | F20: NR-1 | G20: Convite | H20: NR-1 e riscos psicossociais | I20: Ponte para o próximo mês (NR-1) | J20: Antes de preencher a planilha: 5 perguntas sobre riscos psicossociais | K20: RH; Medicina do Trabalho; Risco e Compliance | L20: A NR-1 pede o mapeamento dos riscos psicossociais. Por onde eu começo de verdade? | M20: Ajudar o RH a olhar além do documento e abrir o tema do próximo mês | N20: Carrossel | O20: Checklist salvável: conteúdo útil que o RH guarda e repassa para a liderança. Fecha o mês e abre o capítulo NR-1. | P20: Instagram + LinkedIn | Q20: FairJob; fairdata | R20: Adequar-se à NR-1 não é só preencher a planilha de riscos. Se nada muda no dia a dia de quem trabalha, a pergunta continua sem resposta. | S20: NR-1 (Ministério do Trabalho e Emprego), em vigor desde maio de 2026 segundo o artigo; Fernando Brancaccio, "Riscos psicossociais no ambiente de trabalho e saúde", RH Pra Você, 25/09/2026. https://rhpravoce.com.br/colab/riscos-psicossociais-no-ambiente-de-trabalho-2 | T20: Texto da norma com fonte oficial. A mensagem usa a posição [SUGESTÃO] 1 do voice.md, que precisa de aprovação. Não prometer conformidade. | U20: Pauta proposta | W20: 7 slides. 1 Capa: "Antes de preencher a planilha, responda 5 perguntas." 2 Você sabe o que mais pesa no dia a dia do seu time? 3 Suas lideranças sabem reconhecer os sinais? 4 Quem está sendo cuidado hoje, e quem só aparece no atestado? 5 Depois do diagnóstico, o que você vai acompanhar? 6 Dentro da empresa, onde a pessoa pode pedir ajuda? 7 "Salve e compartilhe com a sua liderança." Fonte da NR-1 no rodapé. | X20: Modelo M2 (uma pergunta por slide, etiqueta 1/5) com fonte no rodapé (M6).

Sheet Formatos
A1: Formatos do mês: sem time em cena e sem gravar nas empresas-clientes
A2: Formato | B2: Como é | C2: Por que funciona | D2: O que precisa para produzir | E2: Cuidados | F2: Onde usamos
A3: Reel de tipografia animada | B3: Frases curtas na tela, uma por vez, sobre o fundo da marca. Trilha calma; voz em off opcional. | C3: Gancho na primeira frase, lido sem som. Não depende de filmagem. Sequências do tipo "antes do..." prendem até o fim. | D3: Texto aprovado, Canva (animação de texto) ou CapCut. 1 a 2 horas. | E3: Frases curtas; no máximo 6 cenas; logo só no fim. | F3: M1-03, M1-11
A4: Explicador animado (motion com ícones) | B4: Conceito explicado com ícones e voz em off, em até 60 s. | C4: Explica um conceito novo (MEV, passos da oferta) mais rápido que um carrossel e circula bem no LinkedIn. | D4: Roteiro aprovado, ícones lineares, voz em off (pode ser gravada pelo celular em local silencioso). | E4: Validação médica de tudo o que for clínico. | F4: M1-05, M1-15
A5: Gravação de tela | B5: Rolagem por um painel ou tela do produto, com texto na tela. | C5: Mostra o produto de verdade sem expor ninguém e responde à dúvida "o que eu recebo?". | D5: Painel com dados fictícios e aviso "dados ilustrativos". | E5: Nunca dado real nem individual. | F5: M1-07
A6: Dado animado com fonte | B6: Um número grande por cena, uma frase de contexto e a fonte visível. | C6: Número com fonte é a prova que o RH leva para a diretoria. Animado, segura a atenção. | D6: Só números liberados (aba Fontes). | E6: Sempre agregado; nunca por pessoa; fonte na tela. | F6: M1-09
A7: Reel de dicas com imagem de banco | B7: "3 hábitos" com texto na tela sobre imagens de banco. | C7: Dica prática é salva e compartilhada; imagens de banco evitam gravar pessoas. | D7: Banco de imagens (Canva, Pexels) sem rosto identificável. | E7: Sem promessa clínica; validação médica. | F7: M1-13
A8: Carrossel passo a passo | B8: Um passo ou uma objeção por slide, com capa-pergunta. | C8: É o formato mais salvo em conteúdo explicativo e o que já testamos no carrossel de acolhimento. | D8: Modelos M1, M2 e M3 no Canva. | E8: Até 10 slides; uma ideia por slide. | F8: M1-02, M1-08, M1-10
A9: Carrossel-resumo de artigo | B9: As ideias principais de um artigo publicado, com citações literais e link nos stories. | C9: Leva a autoridade do veículo e do autor para a marca; muito compartilhado entre profissionais de RH. | D9: Artigo publicado e crédito do autor aprovado. | E9: Citações literais conferidas; crédito do veículo. | F9: M1-04
A10: Carrossel comparativo (isto × aquilo) | B10: Duas colunas que contrastam duas ideias. | C10: A diferença fica clara em segundos; ajuda o RH a defender a decisão internamente. | D10: Modelo M1 e comparativo em duas colunas. | E10: Não citar marcas de terceiros. | F10: M1-06
A11: Checklist salvável | B11: Perguntas ou itens numerados, um por slide, com convite para salvar. | C11: Conteúdo útil é salvo e repassado à liderança; abre o tema do mês seguinte. | D11: Modelo M2 com etiqueta 1/5. | E11: Fonte oficial quando cita norma. | F11: M1-16
A12: Card de citação | B12: Uma frase em destaque com assinatura. | C12: Fácil de compartilhar nos stories e no LinkedIn; reaproveita conteúdo sem repetir. | D12: Modelo M8. | E12: Citação literal e crédito. | F12: M1-12
A13: Card de pergunta aberta | B13: Uma pergunta em destaque e convite para responder. | C13: Gera comentários e respostas nos stories; ajuda o alcance das próximas peças. | D13: Modelo M1 em imagem única + caixa de perguntas nos stories. | E13: Alguém precisa responder os comentários. | F13: M1-14

Sheet Fontes
A1: Fontes e números
A2: Fonte | B2: O que diz | C2: Como usar | D2: Situação | E2: Onde usamos
A3: Artigo do cofundador na RH Pra Você (25/09/2026) | B3: Fernando Brancaccio: desde maio de 2026 a NR-1 exige que as empresas identifiquem, avaliem e gerenciem os riscos psicossociais; o trabalho pode adoecer, mas não é o único vilão; a empresa responde pelo ambiente que constrói, mas não controla todas as variáveis; responsabilidade compartilhada (poder público, sociedade, empresas e indivíduo); "Saúde mental é, ao mesmo tempo, de cada um e de todos." URL: https://rhpravoce.com.br/colab/riscos-psicossociais-no-ambiente-de-trabalho-2 | C3: Resumo em carrossel, card de citação, link nos stories. Citações sempre literais. | D3: Publicado. Confirmar o crédito do autor. | E3: M1-04, M1-12, M1-16
A4: Global Burden of Disease (citado no artigo, via SciELO / Revista Brasileira de Epidemiologia) | B4: Pessoas vivendo com 12 transtornos mentais em 204 países: de 654,8 milhões (1990) para 970,1 milhões (2019), crescimento de 48,1%. | C4: [SUGESTÃO] Dado de contexto para o mês da NR-1, sempre com a fonte original. | D4: Não liberado: aprovar antes de usar. | E4: Banco de ideias
A5: Chemitec (1º semestre de 2026) | B5: 161 atendimentos, 48 colaboradores atendidos (98% de adesão), 81,3% voltaram para 2 ou mais atendimentos, 46 smartbands em uso. | C5: Sempre agregado. Nome da empresa só com autorização. | D5: Liberado (instagram/voice.md). | E5: M1-09
A6: Hospital Dia Santo Amaro (2025) | B6: Reclamações mensais de 34 para cerca de 20 (cerca de 40% a menos); conformidade média de 98,2%; apresentado em congresso internacional. | C6: História de origem e prova do modelo. | D6: Liberado (instagram/voice.md). | E6: Banco de ideias
A7: Harvard Business Review (2022) e SHRM (2023) | B7: −28% de absenteísmo (HBR 2022); −22% de custos com saúde (SHRM 2023). | C7: Argumento de retorno, sempre com a fonte. Fica para o mês de Stop Loss. | D7: Liberado (instagram/voice.md). | E7: Banco de ideias
A8: ACLM e CBMEV | B8: Definição de Medicina do Estilo de Vida e seus pilares. | C8: Base do explicador de MEV. | D8: Responsável médica confere. | E8: M1-05
A9: Não usar | B9: "23% mais caro", "R$ 2.400 por colaborador", "maior índice de burnout" (sem fonte no posicionamento); −27%, "R$ 2,70 por R$ 1" e "70% dos custos do plano"; "validado no SUS" até confirmar. | C9: — | D9: Bloqueado até ter fonte. | E9: —

Sheet Banco de ideias
A1: Banco de ideias: o que ficou para depois e os próximos meses
A2: Ideia | B2: Origem | C2: Status | D2: Motivo / o que destrava | E2: Próximo uso sugerido
A3: Série Quem cuida (Marília, Nina, Ronald, Floriana, Renata, Liliane, Fernando, Charles e o time junto) | B3: Calendário de 90 dias | C3: Adiada | D3: Não vamos apresentar o time por agora (questão administrativa). As capas já feitas ficam guardadas em instagram/posts/time. | E3: Quando a questão for resolvida
A4: Um dia no Escritório do Cuidado (vídeo no espaço) | B4: Calendário de 90 dias (M1-03) | C4: Adiada | D4: Não podemos filmar clientes: o espaço fica dentro das empresas-clientes. | E4: Se houver autorização formal, ou recriar em local próprio
A5: Bastidores de uma implantação | B5: Calendário de 90 dias (M2-01) | C5: Adiada | D5: Mesmo motivo: gravação dentro da empresa-cliente. | E5: Versão em motion, sem imagens da empresa
A6: Depoimentos em vídeo e por escrito | B6: Calendário de 90 dias (M2-10, M3-03) | C6: Adiada | D6: Não podemos filmar clientes; limites do CFM para depoimentos. | E6: Depoimento escrito e anônimo, se aprovado
A7: Workshops nos pilares (fotos reais) | B7: Calendário de 90 dias (M1-06, M2-13) | C7: Aguardando material | D7: Fotos de encontros expõem clientes. Possível versão só com materiais e slides do workshop. | E7: Mês de Ambiente positivo
A8: Registro do mês | B8: Calendário de 90 dias | C8: Aguardando pauta | D8: Depende da agenda de eventos e entregas. | E8: Quando houver evento próprio
A9: Série NR-1 (contexto, diagnóstico, cuidado individualizado, acompanhamento, versão para colaboradores) | B9: Plano mensal (Mês 2) | C9: Ideia | D9: Próximo capítulo. O artigo do cofundador e o checklist M1-16 já abrem o tema. | E9: Mês 2
A10: "O que nos diferencia": plano de saúde, plataformas de bem-estar e QVT (3 posts) | B10: Posicionamento v3.2 | C10: Ideia | D10: Falar da categoria, sem citar marcas. | E10: Mês 2 ou 3
A11: "Quem cuida também precisa de cuidado" (edição especial para a saúde) | B11: Posicionamento v3.2 (arenas) | C11: Ideia | D11: Liga a origem hospitalar ao cuidado de quem cuida. | E11: Mês 3
A12: Pilares da MEV, um por vez (saúde mental e estresse, relações sociais, alimentação, propósito, atividade física, substâncias) | B12: Calendário de 90 dias | C12: Ideia | D12: Depende da decisão 6 ou 7 pilares. | E12: Um pilar por mês
A13: Case Hospital Dia Santo Amaro | B13: voice.md (liberado) | C13: Ideia | D13: Prova da origem do modelo. | E13: Mês de Stop Loss ou de prova
... A15: Dia Mundial do Diabetes (14/11) | B15: Datas do calendário | C15: Ideia | D15: Stories sobre alimentação e atividade física, com a responsável médica. | E15: Stories de 14/11

Sheet Linhas e personas
A1: Linhas editoriais
A2: Linha | B2: O que entra | C2: Objetivos típicos | D2: Formatos que funcionam agora | E2: Peso no mês
A3: Institucional | B3: O que é a Fair Health, por que existe, de onde veio (Escritório do Paciente → Escritório do Cuidado, ecossistema FairJob) e em que acredita ("cuidar antes", "não é benefício, é infraestrutura de cuidado"). | C3: Apresentar, gerar confiança, fixar a tese. | D3: Tipografia animada, linha do tempo, comparativo, card de pergunta. | E3: Cerca de 1/3
A4: Produto | B4: Escritório do Cuidado (percurso, sigilo), Medicina do Estilo de Vida e os pilares, plano individualizado, tecnologia e temas do entorno (NR-1, saúde mental) quando a ligação com a oferta é clara. | C4: Explicar, educar com rigor, tirar dúvidas, levar à conversa comercial. | D4: Carrossel passo a passo, explicador animado, checklist, dicas com imagem de banco. | E4: Cerca de 1/3 a 2/5
A5: Projetos, eventos e entregas | B5: O que a Fair Health está fazendo e entregando: números liberados, entregas para o RH, participações na imprensa e em eventos, como chega a uma empresa. | C5: Provar, mostrar movimento, gerar autoridade. | D5: Dado animado, gravação de tela, resumo de artigo, card de citação. | E5: Cerca de 1/4 a 1/3
A7: Personas (posicionamento v3.2)
A8: Persona | B8: Quem é | C8: Dor de entrada | D8: Como falar | E8: Cuidados
A9: RH | B9: CHROs, gerentes de pessoas e business partners de empresas de médio e grande porte, principalmente indústria. Público principal. | C9: Como atender à NR-1 de um jeito que mude algo? Meu programa tem adesão? O que eu recebo? Como começar? | D9: Assertivo e pragmático, com processo e evidência. | E9: Números só liberados e com fonte.
A10: Lideranças | B10: Gestores e líderes de equipe. | C10: Como cuidar do time no dia a dia sem ser médico nem psicólogo? | D10: Direto, com perguntas práticas. | E10: Não transferir ao líder a responsabilidade clínica.
A11: Colaboradores | B11: Quem é ou pode ser atendido pelo Escritório do Cuidado. | C11: Vou ser julgado? O que eu contar fica entre nós? Cabe na minha rotina? | D11: Acolhedor, em segunda pessoa, sem números de negócio. | E11: Nunca expor quem é atendido.
A12: Medicina do Trabalho | B12: Médicos do trabalho e equipes de SST. | C12: Isso substitui ou complementa o que já fazemos? | D12: Técnico, com fontes e precisão. | E12: Validação da responsável médica.
A13: Risco e Compliance | B13: Áreas de risco, compliance e jurídico. | C13: Como documentar e acompanhar os riscos psicossociais? | D13: Objetivo, com a norma e a fonte. | E13: Não prometer conformidade.
A14: Diretoria financeira | B14: Diretoria financeira. | C14: Qual o retorno? O que muda na sinistralidade? | D14: Indicadores com fonte, sem promessa. | E14: Argumento de retorno no mês de Stop Loss.
A15: RI e C-Level | B15: C-Level e relações com investidores (ESG). | C15: Como o cuidado aparece nos indicadores da empresa? | D15: Estratégico, curto. | E15: Sem números sem fonte.

Sheet Pendências
A1: Pendências e validações
A2: # | B2: Pendência | C2: Quem confirma | D2: Pautas afetadas | E2: Situação
A3: 1 | B3: Questão administrativa que adia a apresentação do time: previsão para retomar a série Quem cuida. | C3: Sócios | D3: Banco de ideias | E3: Aberta
A4: 2 | B4: Crédito do Fernando Brancaccio nos posts (cofundador da Fair Health? fundador da FairJob?) e se ele quer ser marcado. | C4: Fernando + Comunicação | D4: M1-04, M1-12 | E4: Aberta
A5: 3 | B5: Onde gravar o vídeo de abertura sem time e sem empresa-cliente (local próprio ou neutro) ou montar com fotos e tipografia. | C5: Comunicação | D5: M1-01 | E5: Aberta
A6: 4 | B6: Assistentes sociais fazem parte do atendimento? (o posicionamento cita médico e psicológico) | C6: Time Fair Health | D6: M1-01 | E6: Aberta
A7: 5 | B7: Nome da responsável médica que valida o conteúdo clínico. | C7: Time Fair Health | D7: Todas as pautas com "responsável médica" | E7: Aberta
A8: 6 | B8: 6 ou 7 pilares da MEV. | C8: Responsável médica | D8: M1-05 e série Pilares | E8: Aberta
A9: 7 | B9: Nome único do plano: Plano Individualizado de Cuidado ou Plano de Cuidado Personalizado (PPC). | C9: Sócios | D9: M1-08 | E9: Aberta
A10: 8 | B10: Etapas e prazos clínicos: bioimpedância, smartband por 48 h, retorno. | C10: Responsável médica | D10: M1-02, M1-08, M1-10 | E10: Aberta
A11: 9 | B11: Número da Chemitec já no Mês 1 (decisão de 01/10 deixava números para depois da estreia) e autorização para citar o nome. | C11: Sócios + Chemitec | D11: M1-09 | E11: Aberta
A12: 10 | B12: Quem idealizou o Escritório do Paciente; fonte de "validado no SUS". | C12: Time Fair Health | D12: M1-11 | E12: Aberta
A13: 11 | B13: Indicadores que entram no relatório do RH (fairdata). | C13: Time Fair Health + fairdata | D13: M1-07 | E13: Aberta
A14: 12 | B14: Texto, prazos e obrigações da NR-1 com fonte oficial; aprovação da posição [SUGESTÃO] 1 do voice.md. | C14: Responsável médica + sócios | D14: M1-16 | E14: Aberta
... A17: 15 | B17: Fontes dos números do posicionamento (23%, R$ 2.400, burnout). | C17: Sócios | D17: Fontes | E17: Aberta

Sheet Listas
A1: Linha editorial | B1: Formato | C1: Canal | D1: Status | E1: Mês | F1: Argumento | G1: Cena | H1: Persona
A2: Institucional | B2: Vídeo | C2: Instagram + LinkedIn | D2: Ideia | E2: Mês 1 | F2: Apresentação | G2: Abertura | H2: RH
A3: Produto | B3: Carrossel | C3: Instagram | D3: Pauta proposta | E3: Mês 2 | F3: Liderança Bem-Estar | G3: Dor | H3: Lideranças
A4: Projetos, eventos e entregas | B4: Foto única | C4: Instagram Stories | D4: Pauta aprovada | E4: Mês 3 | F4: NR-1 | G4: Virada | H4: Colaboradores
B5: Stories | C5: LinkedIn | D5: Aguardando material | E5: Mês 4 | F5: Stop Loss | G5: Prova | H5: Medicina do Trabalho
D6: Aguardando pauta | E6: Mês 5 | F6: Ambiente positivo | G6: Convite | H6: Risco e Compliance
D7: Roteiro pronto | E7: Mês 6 | F7: Marca empregadora | H7: Diretoria financeira
D8: Em produção | E8: Mês 7 | H8: RI e C-Level
D9: Em revisão | E9: Mês 8
D10: Validação médica | E10: Mês 9
D11: Aprovado | E11: Mês 10
D12: Agendado | E12: Mês 11
D13: Publicado | E13: Mês 12
D14: Descartada
D15: Adiada
